raktas,gimimas,rinka,tickeris,scenarijus,tipas,sesija,ieina,tikslas,stop,rr,rizika_eur,atr_pct,sanaudos,tinkamas,kliutys,atr_abs,paskut_laikas,paskut_kaina,mfe_pct,mae_pct,baigtis,pelnas_pct,eur,minuciu
EU|ABN.AS|1|2026-09-25,2026-09-25 17:25:00+02:00,EU,ABN.AS,Kritimas ir apsisukimas,1,2026-09-25,43.75,43.95000076293945,42.6465,0.18,454.0,1.82,,False,judesys 0.46% < 0.56%; R:R 0.18 < 1.0,,2026-09-28T11:41:14+00:00,,,,netvarkinga,,,
EU|ADYEN.AS|1|2026-09-25,2026-09-25 17:25:00+02:00,EU,ADYEN.AS,Kritimas ir apsisukimas,1,2026-09-25,876.3,903.0,834.1775,0.63,865.2,3.68,,False,R:R 0.63 < 1.0,,2026-09-28T11:41:14+00:00,,,,netvarkinga,,,
EU|CA.PA|1|2026-09-25,2026-09-25 17:25:00+02:00,EU,CA.PA,Kritimas ir apsisukimas,1,2026-09-25,16.24,16.434999465942383,15.9556,0.69,315.2,1.74,,False,R:R 0.69 < 1.0,,2026-09-28T11:41:14+00:00,,,,netvarkinga,,,
EU|DHL.DE|1|2026-09-25,2026-09-25 17:25:00+02:00,EU,DHL.DE,Kritimas ir apsisukimas,1,2026-09-25,57.42,58.619998931884766,56.1608,0.95,394.7,1.88,,False,R:R 0.95 < 1.0,,2026-09-28T11:41:14+00:00,,,,netvarkinga,,,
EU|ORA.PA|1|2026-09-25,2026-09-25 17:25:00+02:00,EU,ORA.PA,Kritimas ir apsisukimas,1,2026-09-25,14.145,15.029999732971191,13.8827,3.37,333.8,2.31,,True,,,2026-09-28T11:41:14+00:00,,,,netvarkinga,,,
EU|PRX.AS|1|2026-09-25,2026-09-25 17:25:00+02:00,EU,PRX.AS,Kritimas ir apsisukimas,1,2026-09-25,36.02,37.564998626708984,35.1543,1.78,432.6,2.4,,True,,,2026-09-28T11:41:14+00:00,,,,netvarkinga,,,
EU|SW.PA|1|2026-09-25,2026-09-25 17:25:00+02:00,EU,SW.PA,Kritimas ir apsisukimas,1,2026-09-25,57.25,57.400001525878906,55.7977,0.1,456.6,1.8,,False,judesys 0.26% < 0.56%; R:R 0.10 < 1.0,,2026-09-28T11:41:14+00:00,,,,netvarkinga,,,
EU|TEP.PA|1|2026-09-25,2026-09-25 17:25:00+02:00,EU,TEP.PA,Kritimas ir apsisukimas,1,2026-09-25,72.7,73.69999694824219,70.6736,0.49,501.7,2.92,,False,R:R 0.49 < 1.0,,2026-09-28T11:41:14+00:00,,,,netvarkinga,,,
JAV|ABNB|1|2026-09-25,2026-09-25 15:55:00-04:00,JAV,ABNB,Kritimas ir apsisukimas,1,2026-09-25,157.48,166.83999633789062,149.5913,1.19,901.7,3.5,,True,,,2026-09-28T13:42:27+00:00,,,,netvarkinga,,,
JAV|ABT|1|2026-09-25,2026-09-25 15:55:00-04:00,JAV,ABT,Kritimas ir apsisukimas,1,2026-09-25,101.31,103.69000244140625,99.3313,1.2,351.6,2.5,,True,,,2026-09-28T13:42:27+00:00,,,,netvarkinga,,,
JAV|BWA|1|2026-09-25,2026-09-25 15:55:00-04:00,JAV,BWA,Kritimas ir apsisukimas,1,2026-09-25,61.32,63.31999969482422,57.9352,0.59,993.6,3.11,,False,R:R 0.59 < 1.0,,2026-09-28T13:42:27+00:00,,,,netvarkinga,,,
JAV|FDX|1|2026-09-25,2026-09-25 15:55:00-04:00,JAV,FDX,Kritimas ir apsisukimas,1,2026-09-25,285.81,303.6499938964844,277.0811,2.04,549.7,2.56,,True,,,2026-09-28T13:42:27+00:00,,,,netvarkinga,,,
JAV|GM|1|2026-09-25,2026-09-25 15:55:00-04:00,JAV,GM,Kritimas ir apsisukimas,1,2026-09-25,82.655,83.94999694824219,79.8059,0.45,620.5,3.16,,False,R:R 0.45 < 1.0,,2026-09-28T13:42:27+00:00,,,,netvarkinga,,,
JAV|PGR|1|2026-09-25,2026-09-25 15:55:00-04:00,JAV,PGR,Kritimas ir apsisukimas,1,2026-09-25,205.47,213.47999572753906,200.3177,1.55,451.4,2.11,,True,,,2026-09-28T13:42:27+00:00,,,,netvarkinga,,,
EU|LXS.DE|1|2026-09-28,2026-09-28 10:40:00+02:00,EU,LXS.DE,Atsistatymas,1,2026-09-28,12.53,12.81224970817566,12.2477,1.0,405.5,4.58,10.0,True,,0.5645,2026-09-28T11:53:46+00:00,12.26,0.239,-2.253,stop,-2.253,-415.5,160
EU|HEN3.DE|1|2026-09-28,2026-09-28 11:00:00+02:00,EU,HEN3.DE,Atsistatymas,1,2026-09-28,74.62,75.18000030517578,73.994,0.89,151.0,1.7,10.0,False,R:R 0.895 < 1.0,1.251998,2026-09-28T13:56:59+00:00,73.96,0.054,-0.858,stop,-0.858,-164.4,265
EU|LDO.MI|1|2026-09-28,2026-09-28 11:00:00+02:00,EU,LDO.MI,Atsistatymas,1,2026-09-28,49.22,49.86225128173828,48.5778,1.0,234.9,2.62,10.0,True,,1.2845,2026-09-29T11:12:47+00:00,49.285,0.996,-0.782,,,,
EU|LR.PA|1|2026-09-28,2026-09-28 11:00:00+02:00,EU,LR.PA,Atsistatymas,1,2026-09-28,135.55,137.56125259399414,133.5388,1.0,267.1,2.98,10.0,True,,4.022499,2026-09-28T13:56:59+00:00,137.65,1.484,-0.406,tikslas,1.484,257.1,270
EU|UNI.MI|1|2026-09-28,2026-09-28 11:00:00+02:00,EU,UNI.MI,Atsistatymas,1,2026-09-28,27.28,27.559750699996947,27.0003,1.0,184.6,2.07,10.0,True,,0.5595,2026-09-29T07:52:19+00:00,27.57,1.025,-0.696,tikslas,1.025,174.6,395
EU|GALP.LS|1|2026-09-28,2026-09-28 12:30:00+02:00,EU,GALP.LS,Atsistatymas,1,2026-09-28,22.89,23.15724935531616,22.6227,1.0,210.2,2.38,10.0,True,,0.5345,2026-09-29T10:01:43+00:00,22.55,0.437,-1.18,stop,-1.18,-222.3,395
EU|OMV.VI|1|2026-09-28,2026-09-28 13:05:00+02:00,EU,OMV.VI,Atsistatymas,1,2026-09-28,72.9,73.30000305175781,72.2263,0.59,166.4,1.88,10.0,False,judesys 0.55% < 0.56%; R:R 0.594 < 1.0,1.3475,2026-09-29T09:03:42+00:00,72.35,0.274,-0.924,stop,-0.924,-176.3,345
EU|AIXA.DE|1|2026-09-28,2026-09-28 14:00:00+02:00,EU,AIXA.DE,Atsistatymas,1,2026-09-28,34.93,35.76550006866455,34.0945,1.0,430.5,4.8,10.0,True,,1.671,2026-09-28T13:56:59+00:00,35.29,2.392,-0.63,tikslas,2.392,420.5,90
EU|PRY.MI|1|2026-09-28,2026-09-28 14:00:00+02:00,EU,PRY.MI,Atsistatymas,1,2026-09-28,122.7,124.92499656677246,120.475,1.0,326.4,3.64,10.0,True,,4.449999,2026-09-29T07:26:03+00:00,125.3,1.813,-0.57,tikslas,1.813,316.4,210
EU|IFX.DE|1|2026-09-28,2026-09-28 14:50:00+02:00,EU,IFX.DE,Atsistatymas,1,2026-09-28,57.27,58.49650068283081,56.0435,1.0,385.5,4.33,10.0,True,,2.453,2026-09-28T13:56:59+00:00,57.62,2.142,-0.262,tikslas,2.142,375.5,40
EU|VIV.PA|1|2026-09-28,2026-09-28 16:10:00+02:00,EU,VIV.PA,Atsistatymas,1,2026-09-28,1.481,1.5017124503850936,1.4603,1.0,251.7,2.84,10.0,True,,0.041425,2026-09-29T07:26:03+00:00,1.45,0.135,-1.398,stop,-1.398,-261.6,80
EU|KER.PA|1|2026-09-28,2026-09-28 17:10:00+02:00,EU,KER.PA,Atsistatymas,1,2026-09-28,227.2,230.84749641418458,223.5525,1.0,289.0,3.27,10.0,True,,7.294999,2026-09-29T11:12:47+00:00,227.4,0.638,-0.33,,,,
JAV|GIS|1|2026-09-28,2026-09-28 11:40:00-04:00,JAV,GIS,Atsistatymas,1,2026-09-28,33.855,34.42649974822998,33.2835,1.0,303.9,3.4,5.0,True,,1.143,2026-09-29T11:12:47+00:00,33.6,0.31,-0.768,,,,
JAV|PCAR|1|2026-09-28,2026-09-28 12:25:00-04:00,JAV,PCAR,Atsistatymas,1,2026-09-28,111.81,113.18049716949463,110.4395,1.0,220.6,2.46,5.0,True,,2.740999,2026-09-29T11:12:47+00:00,111.61,0.134,-0.778,,,,
EU|LR.PA|2|2026-09-29,2026-09-29 10:35:00+02:00,EU,LR.PA,Ralis,2,2026-09-29,144.6,,141.6,,373.4,3.04,10.0,True,,4.102499,2026-09-29T11:12:47+00:00,145.05,0.588,-0.242,,,,
EU|ADYEN.AS|1|2026-09-29,2026-09-29 10:45:00+02:00,EU,ADYEN.AS,Atsistatymas,1,2026-09-29,881.6,896.9099761962891,866.29,1.0,312.6,3.53,10.0,True,,30.620001,2026-09-29T11:12:47+00:00,880.3,0.25,-0.442,,,,
EU|G.MI|1|2026-09-29,2026-09-29 10:45:00+02:00,EU,G.MI,Atsistatymas,1,2026-09-29,43.53,43.942498970031735,43.1175,1.0,170.6,1.92,10.0,True,,0.825,2026-09-29T11:12:47+00:00,43.59,0.574,-0.138,,,,
EU|EDPR.LS|1|2026-09-29,2026-09-29 11:00:00+02:00,EU,EDPR.LS,Atsistatymas,1,2026-09-29,12.82,12.986249732971192,12.6537,1.0,233.4,2.6,10.0,True,,0.3325,2026-09-29T11:12:47+00:00,12.92,0.78,0.0,,,,
EU|MAP.MC|1|2026-09-29,2026-09-29 11:15:00+02:00,EU,MAP.MC,Atsistatymas,1,2026-09-29,4.348,4.387200093269348,4.3088,1.0,162.3,1.82,10.0,True,,0.0784,2026-09-29T11:12:47+00:00,4.336,0.046,-0.368,,,,
EU|UNI.MI|1|2026-09-29,2026-09-29 11:30:00+02:00,EU,UNI.MI,Atsistatymas,1,2026-09-29,27.61,27.75,27.3338,0.51,180.1,2.05,10.0,False,judesys 0.51% < 0.56%; R:R 0.507 < 1.0,0.5525,2026-09-29T11:12:47+00:00,27.45,0.145,-0.579,,,,
EU|AF.PA|1|2026-09-29,2026-09-29 11:40:00+02:00,EU,AF.PA,Atsistatymas,1,2026-09-29,11.82,11.998124718666077,11.6419,1.0,271.3,3.06,10.0,True,,0.35625,2026-09-29T11:12:47+00:00,11.81,0.148,-0.508,,,,
EU|FB2A.DE|1|2026-09-29,2026-09-29 12:10:00+02:00,EU,FB2A.DE,Atsistatymas,1,2026-09-29,635.7,646.9912612915039,624.4088,1.0,319.7,3.56,10.0,True,,22.582498,2026-09-29T11:12:47+00:00,634.2,0.0,-0.33,,,,
EU|RED.MC|1|2026-09-29,2026-09-29 12:10:00+02:00,EU,RED.MC,Atsistatymas,1,2026-09-29,14.91,15.009749817848206,14.8102,1.0,120.4,1.34,10.0,True,,0.1995,2026-09-29T11:12:47+00:00,14.91,0.0,-0.134,,,,
EU|ABEA.DE|1|2026-09-29,2026-09-29 12:30:00+02:00,EU,ABEA.DE,Atsistatymas,1,2026-09-29,301.8,305.10498809814453,298.495,1.0,197.1,2.21,10.0,True,,6.610001,2026-09-29T11:12:47+00:00,301.75,0.017,-0.017,,,,
EU|AMS.MC|1|2026-09-29,2026-09-29 12:30:00+02:00,EU,AMS.MC,Atsistatymas,1,2026-09-29,52.4,53.111001586914064,51.689,1.0,244.2,2.72,10.0,True,,1.422,2026-09-29T11:12:47+00:00,52.44,0.115,-0.038,,,,
EU|BESI.AS|1|2026-09-29,2026-09-29 12:30:00+02:00,EU,BESI.AS,Atsistatymas,1,2026-09-29,190.9,191.89999389648438,187.2537,0.27,343.8,3.96,10.0,False,judesys 0.52% < 0.56%; R:R 0.274 < 1.0,7.292503,2026-09-29T11:12:47+00:00,191.15,0.157,-0.262,,,,
EU|ENEL.MI|1|2026-09-29,2026-09-29 12:30:00+02:00,EU,ENEL.MI,Atsistatymas,1,2026-09-29,8.784,8.870975446701049,8.697,1.0,178.2,2.0,10.0,True,,0.17395,2026-09-29T11:12:47+00:00,8.792,0.148,-0.046,,,,
EU|ENR.DE|1|2026-09-29,2026-09-29 12:30:00+02:00,EU,ENR.DE,Atsistatymas,1,2026-09-29,145.2,145.86000061035156,142.8085,0.28,296.5,3.4,10.0,False,judesys 0.45% < 0.56%; R:R 0.276 < 1.0,4.782999,2026-09-29T11:12:47+00:00,145.7,0.413,-0.014,,,,
EU|JUN3.DE|1|2026-09-29,2026-09-29 12:30:00+02:00,EU,JUN3.DE,Atsistatymas,1,2026-09-29,24.32,24.68449983596802,23.9555,1.0,269.8,3.02,10.0,True,,0.729,,,,,,,,
EU|PRX.AS|1|2026-09-29,2026-09-29 12:30:00+02:00,EU,PRX.AS,Atsistatymas,1,2026-09-29,36.435,36.853126239776614,36.0169,1.0,206.6,2.32,10.0,True,,0.83625,2026-09-29T11:12:47+00:00,36.495,0.165,-0.137,,,,
EU|NFC.DE|1|2026-09-29,2026-09-29 12:40:00+02:00,EU,NFC.DE,Atsistatymas,1,2026-09-29,61.71,62.60524940490723,60.8147,1.0,261.1,2.93,10.0,False,apyvarta 1.2 mln < 1.8,1.790501,2026-09-29T11:12:47+00:00,61.7,0.113,-0.016,,,,
